<?xml version="1.0" encoding="UTF-8"?>
<metadata xml:lang="en"><Esri><CreaDate>20200228</CreaDate><CreaTime>12292600</CreaTime><ArcGISFormat>1.0</ArcGISFormat><SyncOnce>TRUE</SyncOnce><DataProperties><lineage><Process ToolSource="c:\program files (x86)\arcgis\desktop10.5\ArcToolbox\Toolboxes\Spatial Analyst Tools.tbx\RasterCalculator" Date="20200228" Time="122926">RasterCalculator ""MajorWestwardWindDryDays_EarlyHist_10_CanESM2.tif" + "MajorWestwardWindDryDays_EarlyHist_9_CanESM2.tif" + "MajorWestwardWindDryDays_EarlyHist_8_CanESM2.tif"" "C:\Users\mreilly\working\westside fire\gis_data\fall_drywind"</Process></lineage></DataProperties></Esri></metadata>
